user_id,age,family_size,electricity_bill,water_usage,daily_travel_km,waste_generated,vehicle_type,total_carbon_footprint
1,42,3,1316,530,70.9,20.7,Car,1536.67
2,40,3,1384,483,6.0,28.9,Bike,1187.61
3,33,2,1123,511,10.6,17.2,Car,996.75
4,23,3,1497,547,2.9,14.0,Bike,1253.36
5,56,2,1220,228,97.6,3.9,Car,1617.46
6,58,4,1284,624,14.1,13.1,Car,1148.88
7,46,5,2141,654,8.3,21.3,Bike,1819.21
8,34,3,1499,434,64.8,40.3,Car,1658.0
9,56,6,2401,783,54.8,18.8,Electric Vehicle,2082.57
10,37,5,1516,623,19.7,29.6,Public Transport,1320.6
11,53,7,2735,719,45.6,47.4,Car,2554.4
12,36,3,1574,387,90.8,14.1,Car,1870.16
13,36,4,2008,538,1.4,32.9,Bike,1672.37
14,58,4,1346,630,47.0,27.0,Electric Vehicle,1206.68
15,74,3,1827,471,58.3,17.4,Car,1874.6
16,66,5,2156,382,28.4,35.7,Electric Vehicle,1839.83
17,35,3,1867,354,40.1,12.5,Public Transport,1663.86
18,39,4,1277,561,9.7,10.1,Bike,1113.86
19,75,4,2059,409,8.2,41.5,Public Transport,1735.37
20,19,5,2127,773,21.6,33.3,Car,1897.64
21,26,4,1592,742,16.6,5.9,Public Transport,1361.42
22,39,4,1897,684,33.5,21.8,Public Transport,1672.65
23,52,4,1439,653,17.1,35.6,Public Transport,1252.3
24,54,4,2295,564,41.8,20.0,Public Transport,2024.13
25,46,4,2008,488,80.6,24.8,Car,2167.23
26,35,5,2132,520,70.6,32.2,Car,2209.64
27,51,3,1126,512,27.4,21.8,Electric Vehicle,986.52
28,60,2,1164,380,52.4,35.9,Public Transport,1137.87
29,40,3,1920,459,74.8,20.8,Electric Vehicle,1726.63
30,37,2,1068,351,59.2,14.1,Public Transport,1069.64
31,42,6,1947,729,79.7,17.4,Electric Vehicle,1756.6
32,36,4,1858,669,77.3,19.5,Car,2020.97
33,63,4,1062,536,28.8,29.0,Bike,1067.32
34,49,2,797,384,27.2,17.7,Electric Vehicle,714.18
35,27,2,702,444,94.1,16.1,Car,1176.96
36,67,4,1950,500,46.4,16.2,Public Transport,1753.76
37,59,4,2649,536,6.4,21.0,Bike,2223.54
38,75,6,1830,660,73.3,38.3,Car,1982.2
39,18,1,728,289,36.9,1,Car,830.22
40,18,4,1761,639,38.3,29.1,Public Transport,1579.85
41,42,3,1193,401,91.5,19.8,Car,1565.01
42,39,2,1161,551,33.6,12.6,Car,1170.55
43,43,2,1012,386,26.5,22.7,Bike,1008.53
44,34,5,1608,651,54.4,31.1,Public Transport,1506.12
45,53,1,915,259,10.7,11.8,Public Transport,790.16
46,18,2,1281,510,78.3,30.2,Electric Vehicle,1214.02
47,56,1,1234,325,56.2,14.5,Public Transport,1196.49
48,18,4,1430,551,70.1,16.5,Electric Vehicle,1313.89
49,49,6,2001,721,30.5,39.2,Car,1853.29
50,46,2,1578,459,46.0,10.9,Car,1589.67
51,63,3,1487,441,22.5,26.0,Electric Vehicle,1275.31
52,42,5,2151,608,56.0,18.8,Car,2126.63
53,30,5,1936,777,27.8,11.3,Bike,1769.09
54,39,3,903,434,39.7,20.1,Car,1001.05
55,33,6,2202,617,27.5,25.1,Public Transport,1905.43
56,52,5,2174,759,53.1,22.3,Electric Vehicle,1894.95
57,39,5,2196,620,36.9,20.9,Public Transport,1928.02
58,31,3,1423,247,25.3,20.4,Car,1336.7
59,60,4,1468,472,77.6,19.9,Car,1703.06
60,35,4,1713,543,16.6,33.3,Car,1526.43
61,26,5,2108,765,32.0,26.0,Car,1943.92
62,43,4,1135,622,28.7,28.9,Bike,1126.58
63,40,3,1352,654,82.1,2.5,Car,1627.77
64,18,1,500,406,55.4,1,Car,759.93
65,54,2,1445,280,33.3,13.2,Car,1401.57
66,66,4,1287,483,8.6,17.8,Bike,1118.9
67,43,5,1791,606,43.2,26.4,Public Transport,1618.51
68,39,2,1255,321,54.8,15.6,Public Transport,1209.84
69,25,2,1367,246,5.3,1.5,Public Transport,1138.63
70,65,6,1658,555,64.3,41.6,Car,1786.0
71,46,5,1883,629,42.4,22.6,Public Transport,1689.55
72,50,3,1381,443,36.0,16.1,Public Transport,1254.31
73,66,4,1869,623,11.4,25.7,Bike,1617.87
74,57,4,1357,542,9.5,4.2,Public Transport,1145.31
75,63,4,1928,539,80.3,13.7,Car,2094.24
76,24,4,1587,597,20.1,22.2,Bike,1439.67
77,35,3,1190,297,18.2,16.9,Bike,1099.21
78,37,5,1246,637,42.3,28.5,Public Transport,1169.85
79,59,3,1323,421,66.5,32.0,Car,1520.23
80,60,5,1621,828,41.2,48.1,Car,1613.66
81,32,4,1376,536,84.0,41.9,Car,1679.01
82,68,2,625,351,96.9,3.3,Car,1124.97
83,41,6,1915,672,45.2,30.0,Public Transport,1728.35
84,74,4,1538,595,64.9,18.9,Car,1680.08
85,42,4,1762,488,48.9,11.3,Public Transport,1605.01
86,71,3,1120,702,21.6,20.4,Bike,1065.38
87,19,4,1492,405,81.4,27.1,Car,1750.21
88,50,3,1110,361,48.3,12.2,Car,1220.95
89,44,2,980,303,11.6,14.2,Public Transport,847.54
90,52,1,636,327,75.2,14.3,Car,1002.76
91,63,3,1321,505,6.8,19.1,Bike,1136.12
92,47,2,998,505,21.4,10.6,Car,958.98
93,56,2,1323,286,49.6,14.4,Car,1404.83
94,49,5,1826,664,18.9,18.6,Bike,1626.35
95,53,4,1414,507,18.3,24.1,Electric Vehicle,1206.62
96,24,4,1442,431,52.3,19.9,Public Transport,1357.57
97,57,3,1051,365,95.3,19.9,Car,1472.53
98,54,3,1201,478,13.5,21.5,Bike,1081.1
99,34,3,1404,615,50.9,8.2,Car,1476.66
100,18,4,1241,416,35.0,1.4,Public Transport,1128.99
101,25,1,803,265,9.2,6.4,Bike,719.88
102,25,3,1500,401,45.0,2.1,Electric Vehicle,1316.5
103,38,4,1959,566,18.8,43.6,Public Transport,1687.97
104,65,5,1613,995,34.3,16.5,Car,1547.99
105,69,4,1221,566,22.7,11.5,Electric Vehicle,1050.44
106,34,3,1356,408,87.2,24.3,Car,1673.84
107,33,6,2078,934,59.5,23.6,Car,2091.54
108,48,2,1762,280,56.0,19.5,Electric Vehicle,1560.71
109,30,3,1458,547,66.3,17.2,Car,1622.4
110,34,1,540,156,29.2,12.8,Bike,633.32
111,36,3,1556,566,18.4,39.1,Car,1411.96
112,43,3,1385,517,55.8,7.2,Car,1491.36
113,40,6,2472,690,44.5,42.8,Car,2329.48
114,36,6,1837,670,56.4,49.5,Public Transport,1709.42
115,18,3,1298,542,99.9,10.5,Car,1699.52
116,45,2,983,261,39.0,8.5,Car,1056.27
117,53,6,2053,668,13.9,32.4,Car,1787.9
118,21,4,1375,444,44.7,5.4,Electric Vehicle,1215.13
119,62,4,1138,431,40.8,12.4,Electric Vehicle,1016.9
120,42,3,1046,427,97.2,12.6,Car,1476.81
121,32,5,1604,462,70.2,20.5,Electric Vehicle,1458.67
122,53,3,853,478,18.9,16.0,Bike,827.01
123,75,1,743,193,19.0,16.5,Bike,737.4
124,33,2,500,550,25.6,17.0,Public Transport,499.69
125,56,5,1462,548,2.4,37.6,Bike,1233.31
126,29,4,2311,609,19.0,30.4,Public Transport,1970.68
127,72,4,2017,452,13.3,16.3,Bike,1746.33
128,61,2,808,379,11.5,32.6,Bike,751.69
129,34,4,1297,482,30.7,36.5,Electric Vehicle,1140.29
130,41,3,1733,395,18.2,2.1,Bike,1537.16
131,18,4,1528,714,41.7,12.0,Car,1522.38
132,29,2,619,276,91.3,1,Car,1083.55
133,37,2,682,427,18.1,7.5,Car,677.45
134,68,4,1792,281,92.2,17.1,Car,2059.13
135,50,2,1205,277,77.2,10.1,Car,1479.79
136,51,4,1611,733,98.2,18.7,Car,1949.76
137,71,3,997,592,16.1,4.5,Bike,921.81
138,51,3,998,564,7.0,1,Bike,863.52
139,75,4,1032,456,8.5,33.8,Public Transport,890.37
140,18,3,1640,614,32.1,34.8,Public Transport,1463.93
141,70,5,2167,702,76.9,38.6,Car,2281.41
142,39,3,1176,420,46.7,19.5,Car,1268.7
143,48,3,1126,538,69.9,30.0,Electric Vehicle,1070.97
144,58,1,521,236,3.7,16.0,Bike,458.77
145,54,2,826,257,11.9,14.7,Car,759.9
146,34,5,2225,774,16.9,34.1,Public Transport,1895.56
147,54,3,1736,631,25.8,21.2,Bike,1597.29
148,51,3,1535,447,23.7,15.9,Bike,1416.41
149,46,5,1995,649,57.3,27.2,Car,2011.14
150,27,4,1295,631,13.0,29.1,Electric Vehicle,1101.65
151,51,1,500,285,14.3,1,Electric Vehicle,437.81
152,47,3,1029,492,18.2,15.5,Bike,966.68
153,56,4,1396,446,59.7,12.3,Public Transport,1339.37
154,41,3,1265,401,79.2,1,Car,1537.16
155,43,2,843,401,29.9,8.5,Public Transport,790.1
156,48,2,1247,339,14.7,16.7,Electric Vehicle,1059.01
157,48,3,1753,553,60.1,6.7,Car,1819.99
158,35,3,1484,370,88.1,28.8,Car,1786.68
159,37,1,524,245,29.1,3.2,Car,614.86
160,36,6,2614,585,82.6,44.6,Car,2686.74
161,67,1,922,174,12.4,25.6,Car,847.13
162,32,3,1538,434,5.3,8.6,Public Transport,1282.59
163,58,2,915,412,12.8,13.0,Car,837.85
164,34,2,1182,270,61.1,23.6,Car,1366.24
165,49,4,1878,655,34.5,16.6,Car,1766.26
166,30,2,1135,381,20.6,6.8,Public Transport,999.37
167,37,2,1004,353,38.0,20.6,Public Transport,953.63
168,45,4,1808,536,22.4,31.4,Bike,1639.92
169,51,5,1848,507,82.6,45.7,Car,2059.1
170,58,4,1665,715,61.6,13.7,Car,1760.94
171,41,2,1096,393,49.1,1,Public Transport,1054.28
172,25,4,1587,581,57.2,15.3,Car,1669.93
173,34,4,1506,616,15.3,31.0,Bike,1347.43
174,56,5,1794,593,31.3,9.7,Car,1673.71
175,51,4,1244,438,25.9,24.5,Car,1195.94
176,27,4,1143,324,67.2,28.8,Car,1375.34
177,23,1,630,258,13.3,3.8,Bike,602.55
178,56,5,2073,579,25.0,38.2,Bike,1877.04
179,71,5,2204,510,51.6,12.1,Car,2138.92
180,36,5,1750,673,31.2,13.5,Public Transport,1540.7
181,48,4,2161,669,44.3,16.5,Public Transport,1920.48
182,44,4,1971,427,11.2,27.0,Bike,1700.71
183,41,5,1736,734,68.3,31.4,Car,1870.24
184,47,3,1129,435,71.1,3.2,Electric Vehicle,1062.19
185,35,5,2125,692,58.9,16.5,Electric Vehicle,1862.76
186,57,5,1851,493,70.3,40.5,Car,1981.45
187,56,1,605,187,48.1,1.9,Car,800.27
188,55,4,1838,649,12.6,19.3,Public Transport,1557.15
189,70,5,2364,721,89.5,37.6,Car,2521.85
190,48,4,1491,497,79.4,26.8,Car,1736.74
191,48,3,1064,499,31.4,10.0,Car,1075.8
192,49,3,1022,375,52.2,15.9,Car,1175.23
193,52,2,1868,285,35.4,3.8,Car,1756.97
194,57,6,2133,717,40.3,27.9,Public Transport,1890.67
195,58,2,1513,496,30.0,13.8,Electric Vehicle,1304.76
196,33,4,1555,316,29.8,31.2,Public Transport,1384.89
197,42,4,1984,578,59.7,20.7,Public Transport,1825.86
198,47,6,2008,595,8.6,18.3,Bike,1710.49
199,56,1,1051,419,5.3,14.8,Public Transport,886.33
200,50,4,1324,522,8.6,10.6,Bike,1145.68
201,43,4,1183,625,20.0,33.6,Car,1113.48
202,33,5,1987,622,38.8,32.5,Public Transport,1768.43
203,45,5,1884,583,14.7,15.8,Electric Vehicle,1581.15
204,42,5,1922,532,98.3,34.5,Car,2213.11
205,44,4,1716,450,66.5,24.6,Car,1838.82
206,20,3,1428,284,23.4,11.0,Bike,1324.16
207,22,4,1279,405,23.3,13.3,Bike,1202.62
208,48,4,1704,764,99.0,28.7,Car,2036.09
209,33,3,1354,394,47.9,22.9,Public Transport,1273.01
210,34,5,2152,746,37.1,16.4,Electric Vehicle,1843.7
211,62,3,668,463,82.1,17.8,Car,1074.35
212,38,1,500,215,19.8,4.7,Bike,537.31
213,37,5,1539,688,7.3,33.5,Public Transport,1302.41
214,34,5,1947,861,19.1,23.9,Bike,1729.68
215,27,6,1931,476,18.2,32.1,Bike,1714.61
216,41,6,2463,634,64.5,39.6,Car,2446.44
217,29,1,500,422,57.7,1,Car,774.43
218,57,4,1797,529,35.9,11.4,Public Transport,1592.85
219,44,5,1001,731,55.4,22.3,Public Transport,1007.21
220,45,4,1387,627,20.5,16.0,Bike,1275.12
221,52,2,986,409,90.2,22.2,Car,1388.29
222,25,5,1761,652,6.0,15.0,Bike,1489.97
223,62,6,2626,720,49.2,20.3,Public Transport,2319.17
224,38,5,2083,779,79.2,27.1,Car,2221.35
225,47,3,1773,435,42.4,6.1,Public Transport,1590.9
226,70,4,1229,647,55.1,47.4,Public Transport,1205.69
227,52,4,1752,589,44.0,9.4,Public Transport,1580.53
228,74,6,1894,699,21.3,48.1,Car,1712.02
229,38,5,1767,619,20.8,18.5,Electric Vehicle,1498.12
230,24,1,500,127,1.4,1,Bike,419.45
231,32,2,751,241,40.1,1,Public Transport,742.88
232,45,3,2078,280,36.8,19.4,Car,1945.78
233,49,4,1329,582,38.4,16.6,Public Transport,1219.62
234,67,3,757,512,35.9,17.8,Public Transport,743.24
235,37,5,1925,695,8.7,16.8,Bike,1642.4
236,58,4,2250,587,38.1,30.7,Car,2100.97
237,46,2,698,369,6.3,23.7,Public Transport,604.42
238,38,5,1906,600,89.4,29.7,Car,2141.59
239,35,2,500,335,53.5,9.6,Public Transport,583.66
240,19,2,1276,320,16.6,8.4,Car,1155.42
241,19,3,1182,755,20.7,26.1,Car,1113.45
242,42,4,1387,695,15.3,16.1,Bike,1242.47
243,40,3,1525,528,51.1,7.8,Car,1576.86
244,33,3,1714,619,36.9,43.0,Car,1660.07
245,30,6,1788,668,49.9,21.6,Public Transport,1634.81
246,61,5,1899,666,12.4,12.9,Car,1642.42
247,18,4,1756,370,74.9,15.9,Car,1920.11
248,40,2,747,410,12.8,7.5,Car,697.34
249,51,3,1608,470,20.7,3.2,Bike,1451.04
250,58,6,1958,696,6.2,29.6,Bike,1660.12
251,34,5,1692,606,27.4,21.8,Bike,1571.57
252,56,4,1175,444,27.3,11.0,Car,1141.43
253,45,5,2076,885,20.9,31.6,Public Transport,1784.84
254,67,3,1603,622,11.7,11.4,Public Transport,1357.64
255,38,2,1599,357,66.3,10.1,Electric Vehicle,1441.89
256,56,3,1080,388,28.2,20.8,Car,1074.05
257,18,3,1295,408,62.8,16.9,Car,1466.4
258,67,1,667,397,19.0,11.9,Car,672.99
259,45,3,694,388,56.4,25.7,Public Transport,759.98
260,33,5,2684,557,16.3,39.9,Electric Vehicle,2252.19
261,28,3,1231,228,22.3,21.2,Electric Vehicle,1062.39
262,38,8,2352,766,77.3,49.2,Electric Vehicle,2100.1
263,72,2,1438,387,29.5,7.4,Bike,1369.1
264,75,2,955,560,27.4,6.7,Car,959.63
265,51,4,1426,559,22.1,26.1,Bike,1322.16
266,26,4,1463,671,56.4,4.8,Car,1558.05
267,64,5,2015,670,18.6,28.0,Public Transport,1725.56
268,55,4,905,488,19.6,38.2,Bike,885.17
269,43,3,1539,517,32.6,29.7,Public Transport,1380.04
270,30,3,1489,532,29.7,12.5,Car,1414.87
271,50,4,1644,403,35.2,10.5,Public Transport,1464.61
272,48,3,1169,462,15.7,34.4,Electric Vehicle,1005.91
273,22,4,1991,600,16.4,8.3,Bike,1740.69
274,44,4,1866,490,37.1,21.8,Public Transport,1658.38
275,60,4,1768,437,51.1,33.7,Car,1788.98
276,50,4,1199,393,62.0,33.9,Car,1391.12
277,58,4,2535,665,14.8,25.5,Electric Vehicle,2120.09
278,43,1,1028,327,47.8,1,Car,1144.93
279,59,3,1796,300,42.6,11.6,Public Transport,1613.01
280,29,3,1122,513,75.5,27.9,Car,1410.15
281,45,4,1899,551,59.0,4.3,Car,1931.58
282,39,4,1926,502,20.2,45.4,Car,1729.78
283,50,2,1112,173,6.2,14.9,Bike,958.52
284,47,2,780,536,17.9,17.5,Public Transport,705.27
285,51,6,2583,741,49.9,31.8,Public Transport,2291.89
286,31,2,791,343,19.8,19.5,Bike,783.45
287,47,5,2627,711,73.8,20.2,Electric Vehicle,2304.43
288,33,1,772,439,38.7,1.5,Car,878.04
289,37,4,1291,657,86.4,17.2,Car,1612.2
290,67,5,1324,377,22.1,18.6,Car,1234.59
291,45,5,1540,439,18.3,26.5,Car,1391.78
292,35,3,1795,297,22.9,4.7,Bike,1618.82
293,41,2,500,406,57.6,35.7,Public Transport,609.7
294,48,4,1614,654,38.2,22.6,Public Transport,1455.76
295,54,7,2058,724,34.4,33.0,Public Transport,1813.14
296,54,2,1021,609,85.6,29.3,Car,1391.76
297,57,3,1019,526,13.0,16.5,Public Transport,885.31
298,75,2,901,431,50.8,21.3,Public Transport,909.92
299,23,4,1557,469,97.0,14.1,Car,1895.36
300,31,5,2415,697,92.5,40.8,Car,2584.15
301,24,3,1423,469,95.1,8.1,Car,1770.51
302,22,1,1051,318,15.2,21.9,Bike,968.85
303,30,5,1742,500,53.9,39.4,Car,1788.21
304,45,5,1977,577,24.4,54.7,Bike,1802.79
305,32,1,870,274,4.5,11.2,Bike,747.62
306,62,4,1432,462,36.1,29.2,Public Transport,1303.02
307,55,3,1115,282,87.2,18.3,Car,1473.09
308,38,2,1311,392,15.0,12.6,Bike,1176.21
309,20,5,1407,540,15.8,32.9,Bike,1270.27
310,47,6,1787,669,27.8,33.1,Bike,1657.7
311,60,2,1724,427,57.9,1,Public Transport,1596.99
312,31,3,1055,512,50.9,19.6,Public Transport,1035.75
313,20,6,2002,846,29.7,29.3,Bike,1844.25
314,27,4,1633,363,47.3,29.0,Public Transport,1502.92
315,59,3,1360,435,59.6,8.8,Public Transport,1307.78
316,45,5,1834,557,18.6,14.2,Bike,1628.72
317,52,1,901,328,67.1,7.3,Car,1165.53
318,31,4,1669,506,12.3,30.6,Public Transport,1423.13
319,51,5,1660,585,10.6,39.1,Bike,1448.11
320,56,3,1614,434,27.0,27.6,Bike,1507.81
321,75,1,585,273,12.6,5.3,Public Transport,522.31
322,61,5,2074,518,7.6,33.8,Bike,1765.98
323,45,6,2085,663,9.1,41.0,Bike,1788.19
324,40,2,678,336,87.4,20.2,Car,1117.02
325,53,3,1037,679,22.3,43.6,Public Transport,943.06
326,36,3,1796,329,25.7,17.8,Public Transport,1562.9
327,51,2,1341,464,59.1,7.5,Car,1476.16
328,27,5,1852,592,43.1,16.2,Public Transport,1663.1
329,56,1,500,363,31.8,1,Car,611.2
330,25,4,1535,654,32.9,20.8,Public Transport,1373.39
331,65,2,539,332,54.3,1,Public Transport,613.86
332,40,6,2511,648,14.0,24.4,Car,2160.07
333,67,3,945,558,40.1,26.3,Electric Vehicle,864.4
334,45,2,1025,265,26.5,6.2,Public Transport,927.34
335,47,2,774,379,3.1,1,Bike,655.09
336,64,6,2725,754,28.6,40.2,Car,2435.53
337,28,4,1221,598,21.5,23.5,Public Transport,1081.29
338,38,5,1597,593,27.1,21.8,Electric Vehicle,1372.25
339,49,4,946,447,27.3,28.4,Public Transport,876.36
340,64,3,1380,410,45.0,14.1,Car,1422.56
341,42,3,1357,278,3.1,21.8,Bike,1143.45
342,38,3,1644,444,67.5,37.0,Car,1792.27
343,28,2,813,331,65.6,17.8,Car,1089.17
344,23,3,1745,506,9.2,19.1,Bike,1498.92
345,54,6,1938,692,11.5,38.5,Bike,1681.55
346,64,3,945,587,22.6,18.4,Car,927.07
347,38,5,2217,651,4.1,37.4,Bike,1863.12
348,18,2,1038,338,54.0,1.6,Car,1192.5
349,48,4,1667,457,34.6,28.1,Public Transport,1490.44
350,59,3,839,413,23.3,16.7,Bike,843.53
351,51,2,1088,353,59.2,17.4,Car,1274.17
352,44,5,1511,507,24.2,63.9,Public Transport,1347.71
353,51,2,1568,373,49.6,4.9,Public Transport,1444.82
354,37,3,938,487,16.4,21.8,Public Transport,832.21
355,57,4,1577,662,43.7,21.2,Public Transport,1442.06
356,56,6,1570,680,65.0,29.0,Electric Vehicle,1425.43
357,75,1,854,261,27.5,4.5,Electric Vehicle,754.77
358,18,4,1200,409,27.8,22.0,Public Transport,1082.98
359,24,4,1746,509,35.0,30.3,Car,1667.88
360,39,5,1867,792,75.8,27.5,Car,2023.02
361,23,4,1581,568,29.6,15.2,Car,1491.07
362,49,3,1909,391,53.7,28.9,Car,1918.53
363,32,5,2081,633,51.4,40.9,Car,2051.32
364,65,3,1353,524,21.9,16.7,Car,1256.3
365,39,3,1568,427,32.5,2.2,Car,1492.04
366,68,4,1909,487,41.1,38.2,Public Transport,1714.43
367,44,3,1191,467,42.4,32.8,Public Transport,1127.05
368,46,5,1134,572,11.5,30.0,Bike,1017.9
369,44,3,1110,650,23.2,17.6,Bike,1065.81
370,36,4,1642,527,49.6,21.8,Car,1670.35
371,41,1,929,383,87.4,11.2,Car,1318.38
372,48,4,1249,348,12.7,39.8,Public Transport,1084.43
373,43,4,1266,495,80.1,15.3,Car,1550.89
374,18,3,1136,341,36.6,14.8,Car,1169.84
375,75,5,2286,587,15.0,18.8,Bike,1979.01
376,34,8,2726,908,49.8,39.8,Electric Vehicle,2350.25
377,29,5,2009,372,11.5,33.8,Car,1737.1
378,49,4,1676,569,55.1,11.2,Car,1727.62
379,24,5,2273,681,35.0,22.1,Car,2096.09
380,61,4,2171,443,85.1,21.0,Car,2327.29
381,42,3,1196,306,15.2,26.5,Car,1090.04
382,53,2,1168,320,20.7,28.2,Car,1102.59
383,38,1,1132,511,80.5,6.0,Car,1438.9
384,36,5,2324,595,12.6,47.8,Car,2009.56
385,49,2,1485,441,16.9,3.6,Car,1326.41
386,48,2,1050,328,17.2,18.3,Bike,978.84
387,43,2,960,378,27.1,2.7,Electric Vehicle,840.15
388,47,6,2811,779,61.8,22.7,Electric Vehicle,2433.95
389,33,4,1235,620,9.3,13.7,Public Transport,1049.46
390,57,4,1541,634,14.8,1,Electric Vehicle,1292.73
391,33,4,1799,466,10.7,25.8,Car,1555.96
392,63,3,1745,329,79.5,21.4,Car,1942.78
393,55,7,2564,705,12.3,39.0,Bike,2200.18
394,58,5,1430,625,86.4,28.0,Car,1731.55
395,43,3,1132,446,15.4,33.2,Car,1042.31
396,44,6,2623,796,43.5,25.2,Car,2438.31
397,51,3,1482,490,16.7,8.1,Car,1324.99
398,38,5,1900,613,73.1,35.8,Car,2037.04
399,43,2,1033,419,47.9,7.4,Public Transport,1002.06
400,40,4,1938,436,24.5,29.1,Electric Vehicle,1650.45
401,40,5,2078,660,84.4,26.3,Car,2249.49
402,40,4,1420,603,33.2,26.3,Public Transport,1282.73
403,39,2,1125,378,29.9,12.1,Public Transport,1023.11
404,33,1,877,309,98.4,8.1,Car,1343.42
405,64,6,1955,801,62.4,32.4,Car,2013.22
406,72,4,1664,628,27.2,17.6,Bike,1545.27
407,51,2,1371,409,17.2,17.2,Bike,1241.59
408,31,6,2333,732,8.4,38.0,Bike,1985.71
409,47,3,1184,408,27.7,14.2,Public Transport,1065.64
410,43,3,1510,524,66.8,37.1,Car,1678.11
411,53,1,1272,288,34.9,1,Public Transport,1153.76
412,48,2,1045,417,54.3,20.6,Public Transport,1038.66
413,45,3,1717,453,100.0,22.0,Car,2049.39
414,43,3,1153,550,29.9,1,Bike,1134.88
415,50,6,2332,610,86.1,38.8,Car,2474.68
416,62,4,1214,560,95.3,22.1,Car,1607.48
417,27,3,1687,735,44.5,12.4,Electric Vehicle,1474.38
418,61,4,1767,563,27.5,35.3,Bike,1640.4
419,47,4,1511,320,39.1,35.8,Car,1503.57
420,47,6,1992,813,36.2,16.3,Electric Vehicle,1710.82
421,59,3,1554,510,4.7,35.0,Bike,1321.9
422,36,6,2143,820,93.6,55.4,Car,2375.46
423,47,2,892,347,42.9,23.9,Public Transport,878.87
424,62,7,2318,530,12.3,58.6,Electric Vehicle,1953.84
425,18,1,957,285,94.3,16.6,Car,1387.41
426,64,4,2500,642,21.3,41.6,Bike,2205.63
427,24,1,527,325,8.7,6.3,Public Transport,463.02
428,52,5,1952,591,44.5,1.6,Electric Vehicle,1686.14
429,31,5,2225,687,55.6,24.5,Electric Vehicle,1942.52
430,36,6,2509,675,15.2,40.5,Electric Vehicle,2107.03
431,52,5,1907,494,16.5,16.4,Electric Vehicle,1603.62
432,33,3,1358,516,21.0,14.8,Electric Vehicle,1161.17
433,53,4,1820,683,75.7,22.1,Car,1981.04
434,57,4,1745,367,10.8,14.8,Bike,1506.71
435,33,4,1436,424,0.8,25.9,Bike,1195.93
436,55,6,2534,663,69.5,42.4,Car,2537.59
437,60,5,2198,811,29.5,27.3,Public Transport,1909.75
438,61,4,1884,694,17.7,29.6,Car,1671.88
439,34,5,2343,595,85.7,31.3,Car,2477.41
440,30,1,616,100,17.1,10.0,Car,617.95
441,64,2,500,377,71.0,9.8,Car,862.58
442,39,4,1465,806,21.4,19.6,Car,1346.73
443,18,6,1302,835,85.1,30.1,Car,1619.65
444,75,4,1592,463,20.2,30.5,Public Transport,1384.78
445,18,4,1745,403,47.8,16.3,Car,1740.59
446,49,1,500,511,19.1,1,Car,531.34
447,40,5,1778,705,31.7,25.1,Public Transport,1571.07
448,42,3,1515,340,26.7,7.6,Bike,1414.65
449,39,4,1631,314,11.4,25.7,Electric Vehicle,1372.13
450,33,3,1692,444,19.4,12.6,Electric Vehicle,1430.85
451,61,3,1459,389,40.5,20.9,Public Transport,1334.79
452,54,5,1509,631,56.4,7.9,Car,1597.28
453,52,5,1788,617,71.6,34.3,Electric Vehicle,1619.25
454,46,5,1454,620,59.3,38.6,Electric Vehicle,1324.28
455,40,6,1824,695,0.9,22.9,Bike,1513.49
456,59,5,2494,540,26.8,23.4,Bike,2226.16
457,44,1,685,396,17.2,26.7,Bike,683.81
458,38,2,689,367,23.4,22.3,Bike,723.92
459,45,3,1717,383,10.8,17.2,Car,1484.96
460,72,2,1786,314,24.2,5.6,Public Transport,1543.86
461,44,5,1702,452,10.6,12.8,Public Transport,1435.88
462,43,4,1408,457,10.9,11.4,Public Transport,1195.05
463,75,5,1571,466,44.1,35.6,Public Transport,1445.4
464,37,5,2363,766,64.0,16.4,Car,2349.83
465,32,2,971,236,28.2,3.2,Electric Vehicle,851.35
466,52,6,2353,641,30.0,30.0,Car,2134.1
467,19,3,1722,377,86.1,27.2,Car,1968.45
468,19,4,1773,593,78.7,26.8,Car,1963.66
469,54,6,2183,737,45.9,26.8,Public Transport,1948.78
470,69,3,1553,406,88.0,37.5,Car,1847.02
471,18,2,1617,470,88.1,5.0,Car,1883.94
472,53,6,2446,743,36.3,38.0,Public Transport,2139.81
473,58,3,1157,604,53.9,13.9,Car,1295.86
474,38,3,1328,435,22.9,33.9,Bike,1250.62
475,19,4,2002,612,46.3,30.8,Car,1949.34
476,41,4,1696,528,50.8,23.5,Public Transport,1563.02
477,53,6,2091,645,41.0,39.7,Car,1993.41
478,55,3,1254,497,45.0,10.5,Public Transport,1175.78
479,33,3,2101,247,54.6,12.8,Public Transport,1901.46
480,52,7,2334,720,21.8,42.0,Car,2072.94
481,43,2,1189,463,13.4,17.9,Car,1068.81
482,36,3,1329,607,11.8,16.6,Car,1173.03
483,39,2,774,466,23.8,7.4,Car,788.79
484,25,3,1769,418,22.3,9.7,Car,1596.34
485,48,3,1320,410,3.2,19.8,Bike,1112.87
486,54,3,1713,506,7.2,32.8,Public Transport,1444.25
487,34,4,1895,503,20.1,37.8,Bike,1699.93
488,29,3,1201,561,19.1,23.1,Car,1117.26
489,44,5,2200,614,19.0,28.7,Car,1938.66
490,48,3,1872,397,22.7,32.8,Bike,1694.85
491,73,4,1554,487,29.1,9.1,Public Transport,1370.98
492,23,6,2553,741,29.0,40.6,Electric Vehicle,2169.31
493,22,5,2083,482,20.2,25.2,Car,1848.4
494,40,4,1587,424,71.1,29.0,Car,1764.19
495,51,5,1904,638,85.5,33.0,Car,2117.07
496,43,4,1579,513,22.3,24.0,Public Transport,1377.54
497,38,1,793,169,98.0,2.8,Car,1269.23
498,33,1,682,421,24.0,15.2,Public Transport,642.86
499,38,2,1253,271,13.8,8.5,Electric Vehicle,1058.06
500,38,5,1473,646,31.7,24.3,Car,1420.37
501,49,3,1423,601,17.9,1,Public Transport,1224.35
502,51,1,939,252,68.8,9.4,Car,1208.37
503,57,4,1644,539,18.1,16.9,Bike,1471.1
504,36,2,1039,263,8.0,1,Public Transport,877.94
505,47,5,1562,568,69.1,26.6,Car,1730.04
506,37,4,1437,437,30.4,37.9,Electric Vehicle,1255.18
507,21,3,1522,476,21.5,15.5,Bike,1391.72
508,37,3,1225,550,80.3,12.9,Car,1517.39
509,43,3,760,577,63.0,18.9,Car,1030.13
510,28,1,500,377,14.4,15.4,Car,508.8
511,71,2,694,392,22.4,1,Electric Vehicle,612.31
512,33,5,2164,452,44.6,14.7,Car,2063.26
513,75,3,1368,380,77.9,13.9,Electric Vehicle,1276.32
514,47,2,1292,379,87.5,4.2,Car,1613.17
515,36,1,614,250,36.2,1,Car,732.29
516,63,6,2199,814,39.0,30.3,Car,2064.84
517,55,4,1262,555,47.6,22.7,Car,1346.62
518,18,3,1916,503,4.4,4.8,Bike,1601.74
519,40,3,1350,400,18.8,25.4,Public Transport,1179.32
520,25,3,1832,639,26.0,20.2,Bike,1676.78
521,43,1,731,171,48.1,9.9,Public Transport,756.06
522,33,2,500,189,31.9,28.2,Electric Vehicle,484.58
523,42,3,1346,599,88.3,28.0,Car,1674.61
524,18,3,934,464,79.9,3.6,Car,1271.51
525,57,3,1550,596,5.2,8.4,Bike,1308.56
526,43,2,1216,470,23.2,22.1,Public Transport,1081.72
527,42,3,1500,532,28.0,6.3,Bike,1410.08
528,30,2,1073,270,17.1,25.4,Public Transport,946.69
529,47,4,1339,536,18.3,23.8,Car,1225.71
530,55,3,1597,492,99.7,34.4,Car,1955.34
531,63,1,1195,308,54.7,1,Public Transport,1153.01
532,31,6,2133,604,37.0,51.9,Electric Vehicle,1845.54
533,33,3,1823,361,49.2,14.1,Public Transport,1657.25
534,46,4,1532,297,28.7,20.4,Bike,1447.55
535,43,3,1759,519,87.8,13.2,Car,2002.64
536,48,1,640,470,94.6,5.1,Car,1123.8
537,44,3,1089,482,1.6,21.0,Bike,914.04
538,26,3,1252,454,49.0,26.4,Car,1348.99
539,67,4,1230,508,78.0,10.3,Car,1505.66
540,33,7,2853,918,9.8,47.8,Public Transport,2395.15
541,46,2,701,470,58.0,19.1,Car,950.24
542,56,4,1289,594,92.3,21.7,Car,1649.91
543,51,1,500,474,60.0,8.5,Car,792.72
544,46,2,837,460,91.3,9.8,Car,1266.89
545,36,5,1731,524,6.6,30.4,Bike,1476.72
546,36,5,2438,736,79.6,11.4,Electric Vehicle,2156.04
547,26,4,1621,576,21.8,12.6,Bike,1473.44
548,46,5,2265,732,32.2,35.7,Electric Vehicle,1936.74
549,25,4,1513,664,42.8,17.2,Car,1519.56
550,59,5,1956,649,51.2,44.3,Public Transport,1788.0
551,61,5,2190,542,21.8,22.4,Public Transport,1876.21
552,42,1,500,334,33.7,3.1,Car,624.19
553,49,3,1401,468,12.8,8.8,Car,1234.33
554,37,1,500,181,43.0,3.1,Electric Vehicle,493.0
555,47,2,1136,549,36.2,1,Car,1160.63
556,48,2,1264,278,65.3,1,Car,1448.65
557,54,5,1772,640,56.2,43.9,Electric Vehicle,1581.85
558,40,2,1079,402,11.1,23.6,Bike,966.91
559,54,4,1887,488,50.9,49.8,Car,1893.4
560,57,2,1468,193,33.7,10.6,Car,1421.56
561,36,3,1187,381,85.2,7.4,Car,1514.18
562,43,5,1750,498,53.4,43.5,Car,1793.67
563,30,2,1165,426,19.3,13.3,Bike,1083.97
564,54,2,1413,433,74.8,17.8,Car,1639.23
565,27,4,1693,597,12.0,34.2,Car,1481.56
566,50,5,2308,746,7.7,30.9,Bike,1957.27
567,61,7,2236,704,21.6,34.0,Bike,1987.3
568,34,5,2118,820,24.9,26.0,Bike,1907.45
569,23,2,1131,322,33.8,9.9,Car,1145.63
570,31,2,1165,392,6.1,21.6,Bike,1004.92
571,56,2,900,407,14.3,10.9,Bike,833.95
572,42,4,1303,624,18.1,30.1,Bike,1198.16
573,59,1,817,157,43.3,20.0,Car,952.89
574,49,4,2185,564,76.7,13.2,Car,2282.07
575,46,1,881,330,30.9,12.7,Car,923.77
576,35,5,1734,678,62.0,41.6,Car,1833.96
577,46,4,1391,414,24.9,30.7,Public Transport,1234.82
578,62,3,1939,375,42.4,22.8,Public Transport,1735.32
579,45,2,1122,267,35.5,12.3,Public Transport,1038.28
580,57,2,1439,362,77.3,1,Car,1667.83
581,23,4,1759,599,23.6,6.7,Public Transport,1520.67
582,37,3,1178,470,4.4,16.9,Bike,1002.6
583,59,3,1545,487,1.1,1,Bike,1274.82
584,73,2,811,347,67.4,1,Electric Vehicle,793.25
585,34,2,1181,519,35.7,25.2,Car,1206.45
586,49,2,1028,393,5.0,15.1,Public Transport,866.65
587,72,8,2901,768,37.2,27.6,Public Transport,2510.57
588,42,4,1704,499,34.4,40.7,Electric Vehicle,1483.14
589,56,3,1195,419,50.2,17.3,Electric Vehicle,1083.85
590,60,4,1722,473,96.1,46.6,Car,2041.24
591,64,2,638,310,49.4,15.6,Electric Vehicle,624.64
592,19,5,1869,491,3.5,29.4,Bike,1569.82
593,64,4,2100,534,22.4,35.0,Public Transport,1810.59
594,40,6,2284,700,83.9,36.7,Car,2420.5
595,75,5,1672,633,28.8,43.3,Electric Vehicle,1447.76
596,37,5,1760,670,24.5,42.6,Electric Vehicle,1511.47
597,48,5,1821,580,27.6,21.0,Bike,1678.18
598,25,2,715,351,65.9,10.7,Car,1007.17
599,18,4,2132,418,98.6,28.2,Car,2383.94
600,38,4,2037,708,58.7,28.1,Car,2054.91
601,29,3,1277,402,58.9,1.9,Electric Vehicle,1159.81
602,50,5,1965,542,33.4,23.4,Car,1833.96
603,34,3,943,484,32.4,20.8,Public Transport,886.2
604,67,1,1173,288,17.3,14.8,Bike,1078.54
605,45,4,1622,612,25.9,37.9,Public Transport,1431.19
606,75,5,2388,672,69.5,39.5,Electric Vehicle,2109.94
607,21,3,1405,377,61.1,4.0,Car,1539.41
608,58,6,2452,560,23.4,35.2,Public Transport,2102.51
609,32,5,2160,587,3.6,44.1,Bike,1816.52
610,18,4,2022,503,42.0,16.2,Car,1931.24
611,36,2,996,170,20.8,8.3,Public Transport,886.56
612,38,5,2423,546,86.4,39.2,Car,2551.33
613,53,4,1685,626,19.7,18.0,Public Transport,1453.38
614,35,1,952,213,39.0,17.1,Electric Vehicle,863.11
615,46,4,1588,394,59.0,27.8,Electric Vehicle,1427.96
616,49,4,1715,631,11.9,14.0,Bike,1488.9
617,45,3,1336,517,89.7,14.8,Car,1668.55
618,55,3,1761,589,19.9,32.0,Bike,1585.98
619,53,2,500,420,34.5,1,Car,628.27
620,58,3,1172,344,60.8,10.0,Car,1349.42
621,23,3,1248,545,82.4,7.5,Car,1546.78
622,50,3,1604,643,40.9,17.8,Car,1582.49
623,43,4,2291,426,10.8,14.9,Car,1954.54
624,50,4,1685,467,45.5,30.1,Car,1683.87
625,57,6,2024,762,28.2,34.2,Public Transport,1766.37
626,70,6,1958,667,82.8,26.2,Car,2140.97
627,19,5,2052,695,65.6,24.3,Car,2108.76
628,65,4,1704,657,3.1,27.3,Bike,1431.12
629,42,6,2218,627,14.8,27.6,Bike,1926.43
630,55,5,944,447,51.4,32.0,Public Transport,952.44
631,49,3,1368,422,27.3,27.7,Car,1308.02
632,21,4,1515,548,49.9,13.8,Car,1564.12
633,44,3,850,501,98.4,2.5,Car,1318.67
634,48,3,1595,439,46.5,15.5,Electric Vehicle,1403.97
635,44,6,2448,898,25.2,43.2,Electric Vehicle,2077.49
636,58,3,1512,451,10.8,23.1,Car,1319.88
637,70,4,1250,560,9.9,26.1,Public Transport,1069.79
638,50,1,500,440,19.3,7.5,Bike,535.78
639,37,1,903,351,65.2,7.9,Electric Vehicle,867.99
640,18,3,1423,424,27.0,7.4,Bike,1341.08
641,28,4,1521,688,5.6,12.3,Bike,1289.34
642,64,3,1908,569,4.7,11.9,Bike,1600.69
643,41,5,1942,622,44.1,28.1,Car,1884.94
644,47,5,1543,631,58.5,43.5,Car,1656.19
645,31,5,1570,621,39.0,23.7,Car,1545.57
646,39,3,1333,486,24.1,12.7,Electric Vehicle,1145.44
647,38,4,1135,457,57.3,19.8,Car,1302.05
648,34,2,1354,588,32.0,21.9,Public Transport,1222.62
649,49,3,1383,426,94.4,9.4,Car,1733.91
650,52,3,810,457,9.1,20.7,Bike,732.34
651,75,2,1445,472,27.1,6.5,Car,1359.35
652,43,3,1216,459,19.2,7.0,Bike,1122.04
653,34,5,1634,441,5.4,19.6,Bike,1384.14
654,52,6,3153,612,59.5,36.1,Public Transport,2791.55
655,38,5,1978,514,64.8,20.8,Car,2041.11
656,40,4,968,533,26.8,47.8,Public Transport,902.61
657,38,1,500,231,31.1,4.9,Electric Vehicle,471.46
658,55,4,1600,606,35.5,9.2,Public Transport,1429.03
659,18,2,1096,402,12.6,2.3,Public Transport,939.96
660,59,4,2194,624,61.4,28.7,Electric Vehicle,1930.1
661,40,1,1011,465,61.9,18.5,Car,1228.7
662,33,3,1811,424,23.1,15.0,Bike,1638.47
663,29,6,1727,800,25.9,23.9,Electric Vehicle,1477.84
664,28,6,2287,636,16.2,37.4,Bike,1996.74
665,55,5,1967,651,45.4,15.3,Car,1907.26
666,51,2,1043,355,2.5,22.5,Bike,882.62
667,40,3,1248,484,79.6,20.9,Car,1535.77
668,50,2,923,341,76.2,7.4,Car,1240.96
669,45,4,1694,452,16.3,17.5,Electric Vehicle,1429.09
670,31,3,1565,441,59.3,15.6,Public Transport,1478.34
671,18,1,592,319,24.5,9.2,Bike,644.71
672,58,4,1063,565,74.9,25.3,Electric Vehicle,1026.44
673,63,1,1209,313,13.5,15.2,Bike,1084.34
674,46,3,1302,383,75.7,16.4,Car,1553.13
675,59,5,2344,635,13.9,32.1,Car,2026.33
676,55,4,1246,677,11.7,27.8,Bike,1110.01
677,41,6,1929,531,26.0,28.0,Bike,1760.11
678,36,1,1310,370,47.2,12.1,Electric Vehicle,1169.83
679,51,5,1288,679,7.4,18.9,Bike,1112.91
680,42,3,1458,406,31.3,25.0,Car,1405.66
681,62,3,1509,330,72.3,19.3,Electric Vehicle,1384.01
682,41,2,967,503,17.9,29.7,Car,921.06
683,18,6,1930,609,18.2,46.4,Public Transport,1663.74
684,75,5,1805,554,16.2,27.2,Bike,1596.31
685,54,1,580,445,22.2,35.2,Car,633.5
686,43,6,2801,775,95.4,28.1,Car,2912.66
687,54,4,2001,429,89.2,14.1,Car,2210.26
688,52,1,995,483,47.9,1,Public Transport,967.77
689,52,4,1682,402,36.2,23.7,Public Transport,1505.52
690,55,3,1088,416,64.4,7.5,Car,1302.05
691,41,2,1258,286,5.8,29.0,Bike,1082.89
692,50,5,1972,479,63.0,36.3,Electric Vehicle,1754.74
693,75,5,2550,601,39.2,21.7,Car,2349.41
694,47,3,1399,450,38.6,7.9,Public Transport,1273.17
695,44,1,500,267,56.9,1,Car,769.24
696,53,8,3111,760,60.2,41.7,Car,2951.89
697,23,3,1587,485,21.8,21.6,Public Transport,1381.29
698,30,2,1243,493,24.9,15.8,Bike,1184.52
699,22,4,2044,653,58.7,28.2,Electric Vehicle,1801.78
700,56,3,1407,326,30.0,9.6,Public Transport,1253.37
701,44,6,2696,601,21.1,40.7,Car,2364.6
702,55,2,1327,247,95.5,24.8,Car,1702.44
703,34,5,2025,400,69.4,38.8,Car,2117.52
704,69,5,2376,544,50.2,32.9,Car,2281.57
705,39,3,1486,509,32.8,1,Car,1426.17
706,52,3,1341,514,52.8,12.9,Car,1439.22
707,39,4,1468,495,65.8,4.7,Car,1621.14
708,35,4,1701,524,56.7,19.8,Electric Vehicle,1512.41
709,51,2,1133,364,14.8,6.3,Public Transport,979.19
710,26,3,973,474,62.1,10.5,Car,1194.81
711,51,3,1262,551,8.7,6.5,Public Transport,1066.05
712,53,3,1505,432,57.2,10.4,Car,1600.09
713,38,2,1425,482,98.8,1,Car,1791.92
714,47,8,2495,828,33.9,55.9,Public Transport,2181.46
715,59,3,1614,553,66.9,11.9,Car,1751.45
716,45,2,751,385,18.8,12.4,Bike,740.85
717,66,5,2291,266,23.4,15.3,Public Transport,1960.25
718,37,5,1964,585,32.9,44.4,Public Transport,1736.9
719,44,4,1542,455,65.4,28.6,Car,1691.21
720,46,3,1588,355,68.1,1,Car,1732.04
721,24,4,1939,462,48.1,7.3,Public Transport,1745.61
722,57,4,1432,526,28.7,14.5,Car,1362.83
723,34,1,963,239,29.6,35.1,Electric Vehicle,863.39
724,53,1,500,210,87.8,3.6,Car,965.15
725,45,1,720,323,32.3,8.4,Public Transport,696.67
726,61,4,1586,524,80.0,27.9,Car,1818.99
727,58,3,1690,477,27.1,32.6,Car,1573.31
728,33,1,673,425,94.4,22.8,Car,1158.4
729,41,3,1297,350,57.0,40.5,Car,1443.24
730,45,3,978,555,15.6,23.3,Bike,912.44
731,37,2,820,339,32.5,14.9,Electric Vehicle,741.61
732,56,3,1643,502,5.8,21.9,Public Transport,1376.98
733,32,2,1125,469,12.8,9.5,Public Transport,968.04
734,33,4,1765,471,12.2,16.0,Public Transport,1494.2
735,22,4,1728,560,14.8,10.3,Public Transport,1469.29
736,33,5,1551,555,74.2,21.1,Car,1750.38
737,36,2,1546,352,21.9,20.7,Car,1416.39
738,18,2,1115,317,30.9,1,Car,1109.79
739,49,6,1758,551,43.5,23.7,Public Transport,1590.99
740,22,5,1727,731,30.4,28.5,Public Transport,1526.88
741,57,6,2125,668,24.5,35.7,Bike,1915.37
742,32,2,620,280,39.1,9.8,Public Transport,636.74
743,18,2,845,440,63.2,13.4,Car,1098.2
744,29,4,1284,552,27.9,36.4,Bike,1247.4
745,29,3,1070,398,84.0,27.9,Car,1420.95
746,75,4,1710,607,32.2,8.2,Public Transport,1508.34
747,41,3,1606,269,54.5,22.9,Electric Vehicle,1431.64
748,45,5,2247,518,20.4,35.9,Bike,1989.53
749,37,5,2168,575,40.4,36.2,Electric Vehicle,1872.79
750,43,4,1670,641,8.8,21.5,Bike,1436.23
751,32,5,2391,671,42.3,39.7,Car,2247.63
752,21,4,2114,471,26.0,26.7,Public Transport,1829.2
753,23,3,1158,470,55.8,19.5,Public Transport,1135.55
754,37,6,2242,725,21.6,35.0,Bike,1992.74
755,28,4,1775,537,47.4,4.7,Car,1757.01
756,52,2,857,430,50.5,23.6,Car,1033.12
757,39,4,1337,459,31.3,11.9,Car,1299.94
758,44,2,967,508,20.2,10.7,Car,926.06
759,22,4,1955,666,78.9,23.4,Electric Vehicle,1764.59
760,28,6,2547,796,96.4,37.6,Car,2715.46
761,63,5,2027,537,10.3,30.4,Bike,1742.77
762,28,2,1023,369,65.9,1.2,Electric Vehicle,964.38
763,44,4,2091,462,60.7,32.9,Car,2113.94
764,51,4,1735,721,35.8,21.7,Car,1659.81
765,60,4,1794,475,8.4,24.3,Bike,1536.62
766,43,4,1769,492,49.4,19.3,Public Transport,1616.33
767,43,6,1714,716,34.0,37.2,Electric Vehicle,1489.06
768,49,4,1580,222,31.4,23.5,Car,1505.39
769,25,4,1768,697,40.3,21.7,Public Transport,1588.25
770,37,4,1912,487,57.9,37.8,Car,1952.0
771,27,5,1784,628,10.8,36.4,Electric Vehicle,1502.12
772,37,2,500,368,54.6,9.5,Electric Vehicle,518.31
773,60,3,1866,362,19.7,30.1,Public Transport,1607.59
774,57,1,1076,299,27.5,1,Car,1056.37
775,33,5,2111,733,84.9,31.4,Car,2282.32
776,45,5,2148,635,0.7,35.5,Bike,1784.15
777,74,5,1634,461,54.7,27.6,Electric Vehicle,1457.52
778,37,4,1525,420,97.0,4.3,Car,1864.17
779,63,2,1042,492,54.7,20.5,Electric Vehicle,968.56
780,39,1,1037,311,2.2,1,Bike,865.01
781,47,2,997,410,28.5,1.8,Electric Vehicle,872.71
782,51,5,1771,670,23.1,38.3,Bike,1617.57
783,49,6,2655,617,2.2,25.9,Bike,2204.53
784,40,1,963,384,56.5,18.8,Electric Vehicle,906.23
785,42,6,2573,626,94.6,21.7,Car,2717.32
786,45,5,1515,647,28.6,15.3,Bike,1430.78
787,52,2,500,284,42.5,1.4,Public Transport,544.86
788,57,4,1616,291,13.8,17.6,Bike,1421.15
789,47,1,787,325,15.5,1,Public Transport,694.99
790,18,3,1142,581,22.6,23.3,Car,1091.05
791,53,6,1959,636,16.2,28.5,Bike,1723.33
792,62,4,1367,567,23.6,23.3,Bike,1281.84
793,52,4,1806,401,71.0,26.8,Car,1942.02
794,38,1,500,353,52.4,8.4,Car,744.67
795,48,3,1302,409,1.5,11.4,Bike,1083.2
796,69,3,1399,304,14.9,8.7,Bike,1245.7
797,48,2,1156,280,98.4,8.8,Car,1572.52
798,33,5,1890,743,78.8,41.4,Car,2067.68
799,33,3,1470,497,43.3,6.8,Public Transport,1345.69
800,39,4,1611,696,80.0,33.6,Car,1842.52
801,62,4,1838,542,19.6,31.2,Bike,1646.78
802,34,4,1166,515,57.1,15.6,Car,1324.16
803,18,5,1886,602,15.0,39.5,Bike,1661.37
804,38,4,1378,613,15.9,22.4,Bike,1241.94
805,56,4,1676,415,47.4,18.7,Public Transport,1533.39
806,34,4,2152,435,25.9,1,Car,1928.74
807,42,3,1199,395,23.4,23.1,Public Transport,1068.83
808,21,6,2382,755,53.7,28.5,Car,2306.55
809,68,6,2178,568,15.9,29.7,Public Transport,1851.46
810,33,4,1387,673,36.3,31.4,Electric Vehicle,1222.32
811,48,5,1322,640,27.8,18.1,Bike,1268.87
812,49,5,2311,436,12.0,7.6,Public Transport,1937.06
813,43,3,1733,607,25.4,5.8,Car,1584.59
814,71,1,500,211,29.1,1,Bike,594.04
815,48,3,1566,369,51.4,21.9,Electric Vehicle,1392.58
816,34,3,864,461,90.3,25.9,Car,1290.78
817,37,3,1322,455,12.8,1,Electric Vehicle,1109.19
818,49,5,2027,442,50.7,30.0,Car,1996.99
819,46,5,2435,632,19.3,23.5,Electric Vehicle,2045.56
820,65,5,2135,567,62.3,43.2,Electric Vehicle,1890.61
821,61,4,1733,338,48.4,15.6,Public Transport,1581.66
822,57,2,607,571,6.8,22.2,Public Transport,530.83
823,34,4,2003,498,80.9,40.0,Car,2172.63
824,60,3,1249,601,17.8,13.2,Electric Vehicle,1065.02
825,31,5,1826,666,16.0,25.1,Car,1611.34
826,35,5,1923,706,50.6,34.5,Electric Vehicle,1690.45
827,54,3,1343,388,19.7,14.5,Public Transport,1170.95
828,34,5,2057,498,21.3,28.0,Bike,1835.43
829,36,2,940,514,95.1,20.6,Car,1380.74
830,18,6,2503,660,30.2,32.2,Electric Vehicle,2126.3
831,51,3,1274,612,88.7,3.9,Car,1606.05
832,42,2,1813,328,29.4,11.0,Public Transport,1585.1
833,37,3,1911,538,57.1,10.8,Public Transport,1752.82
834,32,2,1410,318,85.8,23.8,Car,1708.96
835,32,4,2007,670,7.8,1,Bike,1696.05
836,48,4,1557,473,27.7,31.4,Bike,1467.42
837,42,2,1615,347,70.0,16.6,Car,1773.95
838,54,5,2016,674,16.9,33.5,Bike,1777.01
839,57,4,1488,620,24.6,15.9,Car,1383.71
840,75,2,1249,447,5.2,22.8,Public Transport,1052.41
841,42,1,520,436,36.1,33.7,Car,671.12
842,30,3,1274,260,42.9,8.1,Public Transport,1184.12
843,41,1,993,397,27.1,13.2,Public Transport,906.62
844,31,4,1705,456,56.5,11.5,Public Transport,1582.28
845,44,4,1333,514,17.9,15.9,Car,1214.29
846,44,3,1722,664,13.1,9.8,Public Transport,1458.87
847,53,2,878,438,58.8,15.9,Public Transport,913.57
848,40,3,1027,640,49.3,16.4,Public Transport,1006.27
849,60,3,1480,426,17.7,21.2,Car,1336.14
850,61,6,1598,932,18.0,43.5,Car,1446.44
851,18,5,1621,685,78.0,30.3,Car,1836.45
852,52,2,1307,560,37.4,17.8,Car,1316.82
853,29,3,1370,461,57.6,22.4,Public Transport,1316.5
854,30,2,528,279,32.0,17.5,Car,643.59
855,53,4,1761,538,62.3,4.4,Car,1839.25
856,32,2,804,362,61.8,7.1,Car,1052.53
857,50,3,1595,491,19.5,21.9,Electric Vehicle,1356.2
858,55,1,1070,248,94.3,14.5,Car,1478.99
859,19,3,1404,500,58.9,29.2,Car,1537.45
860,24,3,1116,399,17.4,2.4,Bike,1026.34
861,46,3,1062,448,40.6,21.5,Car,1137.82
862,41,4,1825,620,84.8,42.0,Car,2052.36
863,26,3,871,406,13.8,32.9,Bike,818.02
864,57,5,1791,584,90.1,36.9,Car,2055.28
865,24,2,792,511,24.4,14.9,Bike,811.12
866,74,4,1817,577,20.7,27.7,Bike,1634.78
867,46,3,1428,293,3.2,20.8,Bike,1201.81
868,27,4,1704,539,77.9,25.3,Car,1901.24
869,51,1,928,506,10.5,24.1,Bike,839.67
870,60,7,2288,745,75.6,43.1,Car,2374.73
871,46,5,2270,696,6.5,30.5,Bike,1918.3
872,56,5,1734,664,32.7,27.3,Public Transport,1539.2
873,41,2,776,322,22.7,6.3,Electric Vehicle,682.69
874,56,4,1860,759,3.3,41.9,Bike,1567.7
875,61,5,1842,497,9.8,34.4,Bike,1589.88
876,53,2,896,487,36.2,11.3,Car,968.92
877,50,3,1871,541,71.1,33.4,Car,1999.39
878,75,3,1357,324,4.3,24.6,Bike,1152.45
879,28,5,2498,755,14.5,35.6,Electric Vehicle,2094.32
880,42,1,500,436,35.1,20.7,Car,641.92
881,40,2,973,554,46.0,1,Car,1088.71
882,48,2,1245,349,7.5,29.5,Bike,1083.25
883,23,4,1741,574,2.0,9.7,Bike,1445.64
884,18,2,1354,460,2.3,22.6,Bike,1136.53
885,45,1,803,235,54.1,6.8,Car,1002.92
886,58,5,1658,644,55.3,27.4,Public Transport,1548.1
887,35,4,1412,617,16.7,27.4,Bike,1277.37
888,35,3,1014,565,19.8,28.9,Car,971.24
889,34,2,895,260,86.9,2.0,Car,1282.63
890,44,1,776,230,32.4,1.2,Electric Vehicle,698.39
891,49,4,1794,460,12.4,29.8,Car,1564.56
892,36,5,2108,561,32.3,34.3,Car,1949.76
893,32,2,1143,360,23.6,20.7,Public Transport,1022.31
894,46,1,895,104,43.3,1,Public Transport,870.9
895,18,1,535,369,82.7,18.3,Car,969.23
896,58,3,1654,468,42.7,9.1,Car,1630.31
897,28,4,1952,395,58.2,20.9,Car,1978.14
898,49,5,1942,644,25.3,44.0,Bike,1774.47
899,56,4,2141,613,28.9,27.2,Car,1951.9
900,24,3,1863,346,27.1,21.5,Public Transport,1624.12
901,33,2,1065,317,21.1,20.4,Bike,1016.75
902,30,4,2396,534,47.3,10.5,Electric Vehicle,2059.9
903,25,2,695,432,57.0,7.8,Car,933.33
904,51,5,2319,586,50.7,38.0,Public Transport,2080.87
905,54,4,1173,637,33.1,14.7,Car,1178.38
906,35,4,1778,545,60.4,40.7,Car,1859.37
907,25,4,1822,553,7.8,26.3,Bike,1556.88
908,24,5,2474,732,25.8,23.8,Bike,2203.85
909,62,5,2382,460,25.0,26.0,Public Transport,2045.45
910,39,6,2081,730,94.0,36.0,Car,2317.35
911,18,3,2010,387,53.7,16.5,Public Transport,1825.99
912,52,4,1398,454,31.2,17.8,Car,1352.27
913,37,4,2009,775,19.0,12.3,Public Transport,1714.15
914,35,1,1267,257,96.7,16.6,Car,1656.71
915,70,1,500,420,11.9,22.1,Car,496.44
916,40,5,1579,762,31.6,21.7,Car,1505.47
917,32,3,1625,435,21.0,30.1,Car,1480.28
918,23,1,1174,100,10.0,23.6,Public Transport,1006.08
919,49,3,1505,663,54.2,30.1,Electric Vehicle,1352.25
920,27,3,1393,584,43.0,2.7,Electric Vehicle,1225.46
921,20,5,1825,419,84.2,22.5,Car,2038.63
922,28,2,1376,443,12.5,1,Car,1208.01
923,65,4,1286,410,12.0,17.5,Bike,1139.28
924,35,4,1736,276,78.7,19.3,Car,1929.26
925,58,2,1119,295,76.2,12.1,Car,1403.98
926,67,5,1473,652,26.3,38.4,Bike,1393.4
927,74,2,1166,620,55.3,1,Electric Vehicle,1061.76
928,21,4,1617,521,28.6,15.5,Public Transport,1424.3
929,44,4,1158,718,21.6,1.8,Bike,1087.26
930,58,1,878,416,25.9,18.9,Bike,893.0
931,47,2,891,381,52.0,20.8,Electric Vehicle,839.68
932,44,3,1069,412,19.4,20.5,Public Transport,948.35
933,20,1,500,410,10.9,12.2,Car,485.18
934,54,3,921,424,33.1,2.7,Car,965.52
935,49,4,1540,603,79.8,47.0,Electric Vehicle,1437.72
936,30,1,500,373,37.2,8.9,Car,649.18
937,33,4,2026,514,33.4,1,Car,1872.75
938,44,4,1539,489,3.5,33.7,Bike,1301.37
939,52,4,2044,403,93.4,18.6,Car,2274.2
940,75,2,719,372,32.1,22.6,Electric Vehicle,661.92
941,70,3,1691,619,81.8,24.1,Car,1914.63
942,47,4,1730,529,59.7,38.2,Public Transport,1626.28
943,48,3,1057,583,54.4,29.0,Car,1224.54
944,20,4,1743,582,15.3,16.6,Bike,1534.53
945,40,7,2209,712,46.8,27.9,Electric Vehicle,1914.49
946,38,6,2488,607,20.4,13.4,Bike,2175.99
947,38,2,500,247,23.8,28.6,Car,574.49
948,58,3,1071,589,29.1,14.4,Bike,1069.34
949,24,1,529,444,96.2,1,Car,1040.78
950,40,6,2379,685,28.6,35.3,Bike,2149.3
951,33,5,2289,852,16.2,30.5,Electric Vehicle,1923.7
952,37,4,1408,542,14.7,7.5,Bike,1251.46
953,20,5,1781,761,20.0,32.2,Bike,1603.28
954,29,1,790,172,46.6,8.6,Public Transport,799.06
955,52,2,760,422,10.3,5.9,Bike,691.46
956,47,3,1189,319,36.2,18.0,Car,1212.36
957,18,5,1781,627,27.1,32.8,Bike,1648.18
958,29,3,1440,486,12.7,18.1,Bike,1270.35
959,63,5,1741,588,9.5,23.5,Public Transport,1469.88
960,44,3,1189,501,26.3,26.5,Bike,1154.42
961,39,5,1520,661,33.9,47.0,Car,1484.13
962,38,4,1827,537,17.4,8.5,Electric Vehicle,1535.81
963,43,3,1486,501,72.3,35.0,Car,1692.01
964,18,2,843,181,42.1,1,Public Transport,824.56
965,39,2,999,428,3.4,38.6,Bike,860.33
966,48,4,1490,453,39.4,11.0,Public Transport,1351.86
967,47,3,1244,565,12.0,20.5,Car,1106.49
968,52,2,500,184,28.1,16.4,Car,595.41
969,19,2,1085,383,74.2,30.5,Car,1372.79
970,41,3,947,381,53.7,14.5,Car,1122.48
971,27,2,810,213,74.3,1.3,Car,1133.15
972,42,3,1449,541,54.5,10.9,Car,1537.52
973,57,3,1330,440,15.6,14.1,Public Transport,1147.23
974,54,4,2295,467,69.1,34.5,Car,2334.95
975,53,4,1467,293,70.6,21.2,Car,1658.61
976,18,4,1099,481,70.0,15.5,Car,1350.41
977,51,4,1541,511,59.7,20.5,Public Transport,1462.44
978,54,4,1666,608,24.8,16.6,Bike,1531.27
979,48,3,1643,501,20.9,18.9,Car,1488.88
980,56,3,1587,656,13.3,24.0,Public Transport,1355.89
981,38,2,822,243,40.6,1,Electric Vehicle,751.52
982,52,4,1741,405,67.7,11.7,Electric Vehicle,1561.83
983,51,4,1234,392,21.0,20.0,Electric Vehicle,1061.96
984,60,1,731,417,12.6,16.7,Public Transport,647.88
985,54,2,606,466,49.5,6.5,Public Transport,656.56
986,59,5,2097,622,23.6,18.7,Car,1878.19
987,45,2,1123,558,27.5,1,Public Transport,1008.54
988,52,4,1376,595,24.2,23.9,Bike,1293.33
989,50,3,1013,720,1.8,18.6,Bike,852.02
990,22,1,500,432,69.4,11.4,Car,853.35
991,32,3,979,547,37.4,15.8,Car,1046.85
992,18,5,1962,398,50.2,22.2,Car,1936.6
993,50,5,2054,478,89.9,29.8,Car,2266.03
994,30,4,1890,627,76.6,23.8,Car,2044.91
995,75,7,2521,823,56.9,39.3,Car,2446.16
996,36,6,2343,637,75.4,28.0,Car,2410.92
997,52,3,1619,495,41.9,31.7,Car,1607.89
998,51,4,1828,530,66.4,11.9,Electric Vehicle,1630.94
999,64,3,1682,373,63.6,13.6,Car,1787.09
1000,54,4,1186,465,32.3,9.0,Car,1180.97
